{
  "phi3": {
    "model": "phi3",
    "d_out": 3072,
    "d_in": 3072,
    "num_layers": 32,
    "spectral": {
      "svd_time_ms": 59912.00494766235,
      "compression_ratio": 511.9166802278275,
      "reconstruction_error_pct": 99.80620574951172
    },
    "quantization": {
      "quantize_time_ms": 0.07200241088867188,
      "delta_encode_time_ms": 0.06079673767089844,
      "float32_vs_uint8_ratio": 4.0
    },
    "reconstruction_cpu": {
      "dequant_time_ms": 0.03886222839355469,
      "matmul_time_ms": 7.3451995849609375,
      "total_time_ms": 7.384061813354492,
      "total_for_all_layers_ms": 236.28997802734375
    },
    "memory_savings": {
      "original_memory_mb": 1207.959552,
      "quantized_memory_mb": 0.58992,
      "memory_savings_pct": 99.95116392771402,
      "lora_plus_plus_overhead_pct": 6552533.506916192
    },
    "speedup": {
      "speedup_estimate": 768.0,
      "cache_improvement": 1.5,
      "bandwidth_improvement": 512.0
    }
  },
  "qwen": {
    "model": "qwen",
    "d_out": 4096,
    "d_in": 4096,
    "num_layers": 28,
    "spectral": {
      "svd_time_ms": 98576.68280601501,
      "compression_ratio": 682.5833435046178,
      "reconstruction_error_pct": 99.8548812866211
    },
    "quantization": {
      "quantize_time_ms": 0.07772445678710938,
      "delta_encode_time_ms": 0.09512901306152344,
      "float32_vs_uint8_ratio": 4.0
    },
    "reconstruction_cpu": {
      "dequant_time_ms": 0.06198883056640625,
      "matmul_time_ms": 62.81089782714844,
      "total_time_ms": 62.872886657714844,
      "total_for_all_layers_ms": 1760.4408264160156
    },
    "memory_savings": {
      "original_memory_mb": 1879.048192,
      "quantized_memory_mb": 0.688212,
      "memory_savings_pct": 99.96337443590164,
      "lora_plus_plus_overhead_pct": 8737066.796859106
    },
    "speedup": {
      "speedup_estimate": 1024.0,
      "cache_improvement": 1.5,
      "bandwidth_improvement": 682.6666666666666
    }
  },
  "gemma4": {
    "model": "gemma4",
    "d_out": 8192,
    "d_in": 8192,
    "num_layers": 32,
    "spectral": {
      "svd_time_ms": 241067.00992584229,
      "compression_ratio": 1365.2500050859526,
      "reconstruction_error_pct": 99.9271011352539
    },
    "quantization": {
      "quantize_time_ms": 0.12803077697753906,
      "delta_encode_time_ms": 0.09012222290039062,
      "float32_vs_uint8_ratio": 4.0
    },
    "reconstruction_cpu": {
      "dequant_time_ms": 0.11968612670898438,
      "matmul_time_ms": 50.70900917053223,
      "total_time_ms": 50.82869529724121,
      "total_for_all_layers_ms": 1626.5182495117188
    },
    "memory_savings": {
      "original_memory_mb": 8589.934592,
      "quantized_memory_mb": 1.57296,
      "memory_savings_pct": 99.98168833553791,
      "lora_plus_plus_overhead_pct": 17475200.065100193
    },
    "speedup": {
      "speedup_estimate": 2048.0,
      "cache_improvement": 1.5,
      "bandwidth_improvement": 1365.3333333333333
    }
  },
  "llama": {
    "model": "llama",
    "d_out": 8192,
    "d_in": 8192,
    "num_layers": 80,
    "spectral": {
      "svd_time_ms": 271713.0608558655,
      "compression_ratio": 1365.2500050859526,
      "reconstruction_error_pct": 99.92718505859375
    },
    "quantization": {
      "quantize_time_ms": 0.1971721649169922,
      "delta_encode_time_ms": 0.1800060272216797,
      "float32_vs_uint8_ratio": 4.0
    },
    "reconstruction_cpu": {
      "dequant_time_ms": 0.05984306335449219,
      "matmul_time_ms": 54.32009696960449,
      "total_time_ms": 54.379940032958984,
      "total_for_all_layers_ms": 4350.395202636719
    },
    "memory_savings": {
      "original_memory_mb": 21474.83648,
      "quantized_memory_mb": 3.9324,
      "memory_savings_pct": 99.98168833553791,
      "lora_plus_plus_overhead_pct": 17475200.065100197
    },
    "speedup": {
      "speedup_estimate": 2048.0,
      "cache_improvement": 1.5,
      "bandwidth_improvement": 1365.3333333333333
    }
  }
}